Dish,Description,Recipe,Similar_Dishes,Famous_Restaurants
Bánh cuốn,"Bánh cuốn is a traditional Vietnamese dish originating from the North, specifically from the region of Thanh Hóa and surrounding areas. It consists of thin, delicate rice flour rolls filled with a mixture of ground pork, chopped wood ear mushrooms, and onions. The rolls are usually served with a sweet and spicy dipping sauce, fresh herbs like mint and basil, and sometimes grilled pork or cha lua (Vietnamese cold cuts). Bánh cuốn holds significant cultural importance as it is often served during special occasions and holidays, such as the Lunar New Year (Tết). The dish requires great skill and patience to prepare, as the rice batter must be cooked to the right consistency to create the perfect, translucent rolls.","To make Bánh cuốn, you will need the following key ingredients: rice flour, tapioca starch, water, ground pork, wood ear mushrooms, onions, salt, and pepper. The preparation steps involve mixing the rice flour and tapioca starch with water to create a thin batter. This batter is then cooked on a steamer lined with a clean cloth, creating thin, delicate sheets. The filling is prepared by mixing ground pork, chopped mushrooms, and onions with seasonings. The sheets are then filled with the pork mixture and rolled up. The rolls are served with a dipping sauce made from a combination of fish sauce, lime juice, sugar, and chili.","Similar dishes to Bánh cuốn include other Vietnamese rolls such as Gỏi cuốn (fresh spring rolls) and Bánh ướt (wet rice noodles), as well as Chinese dishes like dim sum and cheung fun. These dishes share similarities in ingredients, preparation, or regional variants, showcasing the culinary exchange and diversity within Southeast Asian and Chinese cuisines.","- **Bánh Cuốn Hồng Phát** in Hà Nội: Located in the heart of the capital, this small restaurant is renowned for its traditional Bánh cuốn, made with love and care, just like homemade.
- **Bánh Cuốn Gia Truyền** in Thanh Hóa: As the birthplace of Bánh cuốn, this restaurant in Thanh Hóa offers an authentic experience, with recipes passed down through generations.
- **Bánh Cuốn 14** in Hồ Chí Minh City: This popular food stall in the bustling streets of Hồ Chí Minh City is known for its creative twists on traditional Bánh cuốn, attracting both locals and tourists alike.
These restaurants are famous for their dedication to preserving the traditional recipe and technique of making Bánh cuốn, while some also innovate with new fillings and flavors, making the dish accessible to a wider audience."
Mì quảng,"Mì quảng is a traditional Vietnamese noodle dish originating from the Quảng Nam province in central Vietnam. The main ingredients include wide, flat rice noodles, various toppings such as pork, chicken, shrimp, quail eggs, and an assortment of herbs like mint, basil, and lettuce. The dish is often served in a small amount of broth, making it distinct from other Vietnamese noodle soups. Mì quảng holds significant cultural value, as it is often served at special occasions and is a staple of Vietnamese cuisine. Its rich flavors and diverse toppings have made it a beloved dish throughout Vietnam.","To cook Mì quảng, start by preparing the broth with pork or chicken stock, adding aromatics like onions, garlic, and ginger. Then, cook the wide rice noodles according to the package instructions. Prepare the toppings by grilling or sautéing the pork, chicken, and shrimp, and slicing them into thin pieces. Hard-boil quail eggs and slice them in half. Assemble the dish by placing the noodles in a bowl, adding the various toppings, and pouring a small amount of hot broth over the top. Garnish with fresh herbs and serve immediately.","Similar dishes to Mì quảng include Phở, a popular Vietnamese noodle soup; Bún bò Huế, a spicy beef noodle soup from the city of Huế; and Bánh canh, a thick rice noodle soup from the central region of Vietnam. These dishes share similarities in ingredients, such as the use of rice noodles and various meats, as well as the importance of broth and fresh herbs.","- Mì Quảng Bà Vị: Located in Đà Nẵng, this small restaurant is famous for its authentic Mì quảng recipe, which has been passed down through generations. 
- Quán Mì Quảng Đất Quảng: Situated in Ho Chi Minh City, this restaurant is known for its rich and flavorful broth, made with a secret blend of spices and herbs. 
- Mì Quảng Sister: In the heart of Hanoi, this restaurant offers a unique twist on the traditional Mì quảng, with a variety of toppings and a modern presentation. 
These restaurants are highly recommended for their delicious and authentic Mì quảng, and are often visited by locals and tourists alike."
Bánh tráng nướng,"Bánh tráng nướng, also known as grilled rice paper, is a popular Vietnamese street food originating from the central region of Vietnam, particularly in Đà Nẵng and Hội An. The dish typically consists of a crispy grilled rice paper sheet topped with a variety of ingredients such as savory pork sausage, grilled pork, shrimp, egg, and various herbs like basil and mint. The combination of textures and flavors creates a unique and delicious experience. Bánh tráng nướng is not only a favorite snack among locals but also a significant part of Vietnamese street food culture, often enjoyed in casual gatherings and social events.","To make Bánh tráng nướng, you will need the following key ingredients: rice paper sheets, pork sausage, grilled pork, shrimp, eggs, basil, mint, chili sauce, and fish sauce. The preparation steps include: (1) grilling the rice paper sheets over low heat until crispy, (2) preparing the toppings by slicing the pork sausage and grilled pork into thin pieces, peeling and deveining the shrimp, and beating the eggs, (3) assembling the dish by placing the toppings on the grilled rice paper, and (4) serving with a mixture of chili sauce, fish sauce, and herbs.","Similar dishes to Bánh tráng nướng include Bánh tráng cuốn (fresh rice paper rolls), Bánh ướt (wet rice paper noodles), and Gỏi cuốn (spring rolls). These dishes share similarities in ingredients, such as the use of rice paper, and preparation methods, like grilling or rolling. Regional variants of Bánh tráng nướng can also be found in other parts of Vietnam, with differences in toppings and sauces.","Here are 3 famous restaurants in Vietnam known for their Bánh tráng nướng: 
- Bánh Tráng Nướng Hội An in Hội An, Quảng Nam Province, known for its traditional recipe and fresh ingredients.
- Bà Gái in Đà Nẵng, famous for its wide variety of toppings and flavorful sauces.
- Mệ Dì in Nha Trang, Khánh Hòa Province, recognized for its grilled pork sausage and lively atmosphere. These restaurants are highly recommended for their delicious Bánh tráng nướng and authentic Vietnamese street food experience."
Gỏi cuốn,"Gỏi cuốn, also known as Vietnamese spring rolls, is a popular dish originating from Vietnam. The main ingredients include shrimp, pork, vegetables, and rice noodles, all wrapped in a thin rice paper wrapper. The dish is significant in Vietnamese culture, often served as an appetizer or snack at social gatherings and special occasions. Its freshness and variety of textures make it a beloved dish among locals and tourists alike. The origin of Gỏi cuốn dates back to the southern region of Vietnam, where fresh ingredients and light flavors are emphasized in the cuisine.","To make Gỏi cuốn, start by preparing the filling ingredients: slice cooked shrimp, pork, and vegetables like carrots and cucumbers into thin strips. Cook rice noodles according to the package instructions and let them cool. Next, fill a large bowl with warm water to soften the rice paper wrappers. To assemble, dip a rice paper wrapper into the water for about 5 seconds, then place it on a flat surface. Add a few strips of each filling ingredient onto the center of the wrapper, leaving a small border around the edges. Fold the bottom half of the wrapper over the filling, then fold in the sides and roll up the wrapper to form a tight cylinder. Repeat with the remaining ingredients. Serve the Gỏi cuốn with a peanut sauce or a sweet chili sauce for dipping.","Similar dishes to Gỏi cuốn include summer rolls from other Southeast Asian countries, such as Thai spring rolls and Filipino lumpia. Within Vietnam, there are regional variants like Gỏi cuốn chay (vegetarian spring rolls) and Gỏi cuốn hải sản (seafood spring rolls). Other dishes that share similar ingredients and preparation methods include Bánh ướt (wet rice cake rolls) and Bánh trang cuốn (rice paper rolls with various fillings).","- **Bánh Xèo Mười Xuân** (Ho Chi Minh City): Known for their crispy Bánh xèo, they also serve delicious Gỏi cuốn with fresh ingredients and a variety of fillings.
- **Highway4 Restaurant** (Hanoi): This restaurant is famous for its traditional Vietnamese dishes, including Gỏi cuốn, which is served with a side of their signature peanut sauce.
- **Ngọc Sư Vàng** (Da Nang): This local eatery is a favorite among locals and tourists for its fresh seafood Gỏi cuốn, made with the day's catch and served with a sweet and spicy dipping sauce.
- **Góc Phố** (Hoi An): This small restaurant in the ancient town of Hoi An is known for its traditional Vietnamese cuisine, including Gỏi cuốn with a variety of fillings, such as shrimp, pork, and chicken."
Bánh giò,"Bánh giò is a traditional Vietnamese dish originating from the Northern region, specifically from the countryside of Hanoi. The main ingredients of Bánh giò include a mixture of ground pork, wood ear mushrooms, and onions wrapped in a banana leaf. The dish is typically served as a snack or light meal and holds significant cultural value in Vietnamese cuisine, often being served at family gatherings, festivals, and special occasions. The banana leaf wrapping gives the dish its unique flavor and aroma, symbolizing the simplicity and hospitality of rural Vietnamese life.","To cook Bánh giò, you will need the following key ingredients: ground pork, wood ear mushrooms, onions, fish sauce, salt, and banana leaves. The preparation steps involve mixing the ground pork with chopped wood ear mushrooms, onions, fish sauce, and salt. The mixture is then wrapped in banana leaves, which have been softened by brief immersion in boiling water. The wrapped packages are then steamed for about 30-40 minutes until the meat is cooked through and the banana leaf has infused its flavor into the filling. Serve Bánh giò warm, often with a dipping sauce made from fish sauce, lime juice, and chili.","Similar dishes to Bánh giò include Bánh tét (a cylindrical cake made from glutinous rice and filled with mung bean or pork), Bánh chưng (a square cake made from glutinous rice and filled with pork and mung beans), and Bánh ít (small, triangular glutinous rice cakes filled with pork or shrimp). These dishes share similarities in ingredients, preparation, or regional variants, with Bánh giò being distinct due to its use of banana leaves and specific filling ingredients.","- Bánh Giò Hà Nội at 14 Hàng Than, Ba Đình, Hanoi: Known for its traditional recipe and authentic taste, this small food stall has been serving Bánh giò for decades and is a favorite among locals and tourists alike.
- Xôi Yến at 35B Nguyễn Hữu Huân, Hoàn Kiếm, Hanoi: While primarily a xôi (sticky rice) restaurant, Xôi Yến also serves an excellent Bánh giò, attracting a large following for its diverse Vietnamese dishes.
- Bánh Giò Cô Linh at 22 Nguyễn Văn Cừ, Quận 1, Ho Chi Minh City: This restaurant is famous for its Southern take on Bánh giò, offering a variety of fillings and a modern twist on the traditional dish, making it a must-visit for foodies in Ho Chi Minh City."
Bún mắm,"Bún mắm is a popular Vietnamese noodle soup originating from the Mekong Delta region, particularly in the city of Cần Thơ and neighboring areas. The main ingredients include rice vermicelli (bún), a variety of fermented fish sauces (mắm), and an assortment of vegetables and proteins such as shrimp, pork, and squid. The dish is significant in Vietnamese culture for its bold, pungent flavor profile, which is both a reflection of the resourcefulness of the people in utilizing fermented fish sauce and an embodiment of the region's culinary identity. Bún màm is often served at casual gatherings and is a staple in many local eateries, showcasing the communal aspect of Vietnamese dining.","To cook Bún mắm, start by preparing the broth. Combine fermented fish sauce (mắm), fish stock, and pork or chicken stock in a large pot. Add lemongrass, garlic, and shallots for aroma. Bring the mixture to a boil and then simmer. Meanwhile, prepare the toppings: boil shrimp, squid, and pork until they are cooked through. Slice these proteins into bite-sized pieces. Also, prepare a variety of fresh herbs like mint, basil, and lettuce, along with bean sprouts and lime wedges. Cook rice vermicelli according to the package instructions. To assemble the dish, place the cooked noodles in a bowl, add the sliced proteins, and pour the hot broth over them. Garnish with fresh herbs, bean sprouts, and a squeeze of lime juice. Serve immediately.","Similar dishes to Bún mắm include Bún riêu, which is a crab and tomato-based noodle soup; Bún bò Huế, a spicy beef noodle soup from Huế; and Bánh Canh, a thick noodle soup that can be made with a variety of broths and toppings. These dishes share similarities with Bún mắm in terms of their use of broth, variety of toppings, and regional specificity.","- **Bún Mắm 79** (79/1 Trần Hưng Đạo, P. Phú Nhuận, Q.1, TP. Cần Thơ): Known for its authentic and flavorful Bún mắm, reflecting the traditional taste of the Mekong Delta.
- **Bún Mắm Mậu Thân** (34 Mậu Thân, P. An Phú, Q. Ninh Kiều, TP. Cần Thơ): This restaurant is famous for its generous portions and the variety of proteins and vegetables it offers, making it a favorite among locals and tourists alike.
- **Cơm Tấm Bún Mắm Cô Út** (299/8 Nguyễn Văn Luông, P.12, Q.6, TP. Hồ Chí Minh): Located in Ho Chi Minh City, this eatery is known for serving Bún mắm alongside other Vietnamese staples like Cơm Tấm (broken rice), offering a diverse dining experience that caters to various tastes and preferences."
Canh chua,"Canh chua, which translates to ""sour soup,"" is a traditional Vietnamese dish that originated in the Mekong Delta region of southern Vietnam. The main ingredients of Canh chua typically include a variety of vegetables such as tomatoes, okra, and taro stem, along with proteins like fish or pork, and sometimes shrimp or other seafood. The dish is characterized by its sour and slightly sweet broth, which is achieved through the use of tamarind or other souring agents. Canh chua holds significant cultural value in Vietnamese cuisine, as it is often served at family gatherings and special occasions. The dish is also renowned for its refreshing and light flavor profile, making it a popular choice for hot summer days.","To cook Canh chua, start by preparing the ingredients, which include 2 cups of fish or pork stock, 1/2 cup of tamarind paste, 1 tablespoon of fish sauce, 1 tablespoon of sugar, 2 tomatoes, 1 taro stem, 2 okra, 1/2 pound of fish or pork, and various herbs like basil and mint. Begin by combining the stock, tamarind paste, fish sauce, and sugar in a large pot and bringing the mixture to a boil. Then, add the sliced tomatoes, taro stem, and okra, and continue to cook until the vegetables are tender. Add the protein of your choice and cook until it is fully cooked. Finally, season the soup with salt, pepper, and herbs to taste. Serve the Canh chua hot, garnished with additional herbs and a sprinkle of chili flakes if desired.","Dishes similar to Canh chua include other Vietnamese soups like Canh kho qua (bitter melon soup) and Canh ca chua (fish and tomato soup). Regional variants of Canh chua can be found in other Southeast Asian countries, such as the Filipino dish Sinigang, which also features a sour broth. Other similar dishes include Thai Tom Yum soup and Indonesian Sayur Asem, which share similarities in ingredients and flavor profiles.","Some famous restaurants in Vietnam that are known for their Canh chua include:
* Com Tam Kieu Giang (Ho Chi Minh City): This popular restaurant is famous for its traditional Vietnamese dishes, including Canh chua, which is made with fresh ingredients and a secret blend of spices.
* Highway4 (Hanoi): Located in the heart of Hanoi, Highway4 is a well-known restaurant that serves a variety of Vietnamese dishes, including a delicious Canh chua made with fish and a range of vegetables.
* Banh Xeo Muoi Xiem (Hoi An): This restaurant in Hoi An is renowned for its traditional Vietnamese cuisine, including a mouth-watering Canh chua that features a rich and flavorful broth made with a combination of tamarind and other souring agents."
Nem chua,"Nem chua is a traditional Vietnamese fermented pork dish originating from the central region of Vietnam, particularly in the city of Thanh Hóa. The main ingredients include ground pork, pork skin, garlic, chili, fish sauce, and sugar, which are mixed together and then fermented for several days to develop its distinctive sour flavor and chewy texture. Nem chua holds significant cultural importance in Vietnamese cuisine, often served as an appetizer or snack at social gatherings and special occasions. Its unique flavor and texture have made it a beloved dish throughout Vietnam and among Vietnamese communities worldwide.","To make nem chua, you will need the following ingredients: 500g ground pork, 200g pork skin, 3 cloves of garlic, 1 chili, 2 tablespoons of fish sauce, 1 tablespoon of sugar, and 1 tablespoon of salt. First, grind the pork skin into small pieces and mix it with the ground pork, minced garlic, and chopped chili. Then, add the fish sauce, sugar, and salt, and mix everything together until well combined. Transfer the mixture to a bowl, cover it with plastic wrap, and let it ferment at room temperature for 3-5 days, or until it develops a sour smell and a chewy texture. After fermentation, slice the nem chua into small pieces and serve it with fresh herbs and chilies.","Similar dishes to nem chua include nem ran (fried spring rolls), cha lua (Vietnamese cold cuts), and thit kho (braised pork in coconut juice). Regional variants of nem chua can be found in other Southeast Asian countries, such as the Filipino dish called ""kinilaw"" and the Thai dish called ""nham"". These dishes share similarities with nem chua in terms of ingredients, preparation, or fermentation processes.","Here are 3 famous restaurants in Vietnam known for their nem chua: 
- Nem Chua Thanh Hoá (Thanh Hóa City, Thanh Hóa Province): This restaurant is famous for its traditional nem chua recipe, which has been passed down through generations.
- Quán Ăn Ngon (Hanoi, Ho Chi Minh City, and other locations): This popular restaurant chain offers a variety of traditional Vietnamese dishes, including nem chua, which is made fresh daily.
- Highway4 (Hanoi and Ho Chi Minh City): This restaurant is known for its creative take on traditional Vietnamese cuisine, including its nem chua, which is served with a side of fresh herbs and chilies."
Bún riêu,"Bún riêu is a traditional Vietnamese noodle soup originating from the northern region of Vietnam. The main ingredients include rice noodles (bún), riêu (a type of crab and tomato-based paste), and various toppings such as pork, tofu, and herbs. This dish holds significant cultural importance, as it is often served at family gatherings and special occasions. The combination of flavors and textures creates a rich and savory experience, making Bún riêu a beloved dish across Vietnam. The dish is also a reflection of the resourcefulness and frugality of Vietnamese cuisine, as it utilizes a variety of leftover ingredients to create a delicious and satisfying meal.","To cook Bún riêu, start by preparing the riêu paste by combining cooked crab meat, tomatoes, onions, garlic, and fish sauce in a blender or food processor. Then, cook the rice noodles according to the package instructions and set aside. In a large pot, combine the riêu paste, pork or chicken broth, and various toppings such as sliced pork, tofu, and herbs. Bring the mixture to a boil and then reduce the heat to a simmer. To assemble the dish, place a portion of the cooked noodles in a bowl, followed by a ladle of the hot riêu broth and various toppings. Garnish with fresh herbs, such as mint or basil, and serve immediately.","Similar dishes to Bún riêu include Bún thang (a Hanoi-style noodle soup), Bún bò Huế (a spicy beef noodle soup from Huế), and Canh bún (a rural-style noodle soup). These dishes share similarities in ingredients, such as the use of rice noodles and various meats, as well as preparation methods, including the use of broth and toppings.","- Bún riêu Gánh (57 Nguyễn Siêu, Hàng Bạc, Hoàn Kiếm, Hà Nội): Known for its rich and flavorful riêu paste, made with a secret blend of ingredients.
- Bún riêu Văn (11 Hàm Long, Hoàn Kiếm, Hà Nội): Famous for its generous portions and variety of toppings, including pork, tofu, and blood cubes.
- Bún riêu Cô Hồng (4 Phan Bội Châu, Hoàn Kiếm, Hà Nội): A popular street food stall serving Bún riêu with a unique twist, featuring a spicy and sour broth made with a variety of herbs and chilies."
Bánh đúc,"Bánh đúc is a traditional Vietnamese dish originating from the northern region, particularly in Hanoi. The main ingredients include cooked rice flour, tapioca starch, and water, which are mixed and cooked to form a thick, chewy, and slightly gelatinous paste. The dish is often served with various toppings such as grilled pork, fried shallots, herbs, and a sweet and spicy sauce. Bánh đúc holds significant cultural importance in Vietnamese cuisine, as it is often served at family gatherings, special occasions, and as a comfort food. The dish is also a symbol of simplicity, humility, and community bonding, reflecting the values of Vietnamese culture.","To cook Bánh đúc, you will need the following ingredients: 2 cups of rice flour, 1 cup of tapioca starch, 4 cups of water, 1/2 teaspoon of salt, and toppings of your choice (e.g., grilled pork, fried shallots, herbs). The preparation steps involve mixing the rice flour and tapioca starch in a large bowl, then gradually adding in the water while stirring continuously. The mixture is then cooked over low heat, stirring constantly, until it thickens and forms a smooth, gelatinous paste. The cooking process can take around 30-40 minutes. Once cooked, the Bánh đúc is transferred to a serving dish and topped with your desired ingredients.","Similar dishes to Bánh đúc include Bánh canh (a Vietnamese noodle soup made with tapioca flour), Bánh cốm (a sweet dessert made with young rice and mung bean), and Chè đậu xanh (a mung bean dessert). Regional variants of Bánh đúc can be found in other Southeast Asian countries, such as Cambodia and Laos, where similar dishes are made with rice flour and tapioca starch.","Here are three famous restaurants in Vietnam known for their Bánh đúc: 
- Bánh Đúc Nóng Hoàng Anh (47 Nguyễn Khánh Toàn, Quảng An, Tay Ho, Hanoi): This restaurant is famous for its traditional Bánh đúc recipe, which has been passed down through generations. They serve the dish with a variety of toppings, including grilled pork, fried shallots, and herbs.
- Bánh Đúc Cô Bình (18B Nguyễn Thị Minh Khai, District 1, Ho Chi Minh City): This small food stall has been serving Bánh đúc for over 20 years and is known for its flavorful and chewy texture. They offer a range of toppings, including pork, chicken, and vegetables.
- Bánh Đúc Gánh (135/18/5 Nguyễn Trãi, Ward 3, District 5, Ho Chi Minh City): This restaurant is famous for its creative Bánh đúc variations, including options with seafood, meatballs, and eggs. They also offer a range of traditional toppings and sauces to complement the dish."
Bánh pía,"Bánh pía is a traditional Vietnamese pastry that originated from the southern region, particularly in the city of Sóc Trăng. It is a flaky, savory, and sweet dessert made with a filling of mung bean paste, durian fruit, or coconut, wrapped in a multi-layered dough. The main ingredients include wheat flour, lard or vegetable oil, mung bean paste, durian fruit, coconut, and sugar. Bánh pía holds significant cultural importance in Vietnamese cuisine, often served during special occasions and festivals, symbolizing good fortune, prosperity, and the bond between family and friends.","To make Bánh pía, start by preparing the filling. For the mung bean paste, soak 200g of mung beans overnight, then steam and mash them. Mix the mashed mung beans with 100g of sugar and 50g of coconut milk. For the dough, combine 500g of wheat flour, 200g of lard or vegetable oil, and 100g of water. Knead the dough until it becomes smooth and pliable. Divide the dough into small balls and roll each ball into a thin sheet. Place a tablespoon of the mung bean paste in the center of each sheet, add some durian fruit or coconut if desired, and fold the dough over the filling to form a square or rectangular shape. Brush the top with egg wash and bake at 180°C for 20-25 minutes, or until golden brown.","Similar dishes to Bánh pía include Bánh nướng (Vietnamese baked cake), Bánh kem (Vietnamese cream cake), and Bánh dẻo (Vietnamese sticky rice cake). These dishes share similarities in ingredients, such as the use of mung bean paste, coconut, and wheat flour, as well as in preparation methods, like the use of multiple layers of dough.","- Bánh pía Sóc Trăng: Located in Sóc Trăng City, this restaurant is famous for its traditional Bánh pía recipe, which has been passed down through generations. They offer a wide variety of fillings, including mung bean paste, durian fruit, and coconut.
- Hòa Hồng Bakery: Situated in District 1, Ho Chi Minh City, this bakery is well-known for its delicious Bánh pía, which is made with high-quality ingredients and a special recipe that gives the pastry a unique flavor and texture.
- Givral Bakery: With multiple locations in Hanoi and Ho Chi Minh City, Givral Bakery is a popular destination for Bánh pía lovers. They offer a range of fillings and flavors, including traditional mung bean paste and innovative combinations like chocolate and coconut."
Bánh canh,"Bánh canh is a traditional Vietnamese noodle soup originating from the central and southern regions of Vietnam. The main ingredients include thick, chewy noodles made from tapioca flour or a combination of tapioca and rice flour, served in a light broth made with pork or chicken stock, and various toppings such as grilled pork, fish cakes, or shrimp. The dish is significant in Vietnamese culture, often served at casual gatherings and special occasions. Its rich flavor and comforting texture have made it a beloved staple in Vietnamese cuisine.","To cook Bánh canh, start by preparing the broth. Combine 4 cups of pork or chicken stock with 2 cups of water, 1 onion, 2 cloves of garlic, and 1 tablespoon of fish sauce in a large pot. Bring to a boil, then reduce the heat and simmer for 30 minutes. Meanwhile, cook the noodles according to the package instructions. Grill or cook the desired toppings, such as sliced pork or fish cakes. Assemble the dish by placing the cooked noodles in a bowl, adding the hot broth, and topping with the chosen ingredients. Garnish with fresh herbs like basil or mint, and serve with a side of chili sauce or lime wedges.","Similar dishes to Bánh canh include Phở, a popular Vietnamese noodle soup made with thinner noodles and a clearer broth; Bún bò Huế, a spicy beef noodle soup from the city of Huế; and Bánh phở, a northern Vietnamese noodle soup made with a lighter broth and various toppings. Regional variants of Bánh canh can also be found, such as Bánh canh cua (crab noodle soup) or Bánh canh chả cá (fish cake noodle soup).","- Bánh Canh Cá Lóc 109 (109 Nguyễn Văn Cừ, District 1, Ho Chi Minh City): Known for their delicious Bánh canh made with fresh fish and a flavorful broth.
- Quán Bánh Canh (34 Tôn Đức Thắng, District 1, Ho Chi Minh City): A popular spot for traditional Bánh canh with a variety of toppings.
- Bánh Canh Gốc (23 Nguyễn Thượng Hiền, Hai Bà Trưng District, Hanoi): A Hanoi institution serving authentic Bánh canh with a rich, savory broth and generous portions of grilled pork and shrimp."
Bánh khọt,"Bánh khọt is a popular Vietnamese dish originating from the southern region, particularly in the Mekong Delta and Vũng Tàu. It is a small, crispy pancake made from a batter of rice flour, water, and coconut milk, typically filled with shrimp, pork, and spring onions. The dish is often served as a snack or appetizer and is significant in Vietnamese culture for its presence in various social gatherings and celebrations. The name ""Bánh khọt"" literally translates to ""mini savory pancake,"" which aptly describes its appearance and taste. This dish is not only delicious but also holds a special place in the hearts of the Vietnamese people due to its simplicity, flavor, and the joy it brings when shared with others.","To make Bánh khọt, you will need key ingredients such as rice flour, coconut milk, water, shrimp, pork, spring onions, and various seasonings. The basic steps involve mixing the batter ingredients, letting it rest, and then frying small portions of the batter in a specialized mini pancake pan until they are crispy and golden. Fillings are added on top of the batter before it's fully cooked, allowing the ingredients to warm through and blend flavors. Serving suggestions include garnishing with fresh herbs and serving with sweet and spicy dipping sauce.","Similar dishes to Bánh khọt include Bánh xèo (a larger, sizzling pancake version), Bánh căn (small, crispy rice cakes often served with various toppings), and Bánh bèo (small, steamed rice cakes topped with shrimp and other ingredients). These dishes share similarities in ingredients and preparation methods but vary in size, cooking technique, and regional origins.","- **Bánh Khọt Cô Út** (Vũng Tàu): Known for its traditional recipe and fresh ingredients, offering an authentic taste of Bánh khọt.
- **Bánh Khọt Góc Đậu** (Ho Chi Minh City): Famous for its crispy pancakes and generous fillings, this restaurant is a favorite among locals and tourists alike.
- **Bánh Xèo & Bánh Khọt 46A** (Đà Nẵng): Although the name includes Bánh xèo, this restaurant is also renowned for its Bánh khọt, offering a variety of fillings and a cozy dining atmosphere."
Bánh bột lọc,"Bánh bột lọc is a traditional Vietnamese dish originating from the central region, particularly in Huế. It is a small, chewy dumpling made from tapioca flour (bột lọc) and filled with shrimp or pork. The dish is often served as a snack or appetizer, and its cultural significance lies in its presence at family gatherings and special occasions. The translucent wrapping, made from tapioca starch, allows the fillings to be visible, adding to the dish's visual appeal. Bánh bột lọc is typically served with a sweet and spicy dipping sauce, which complements the savory flavors of the fillings.","To make Bánh bột lọc, you will need the following key ingredients: 2 cups of tapioca starch, 1/2 cup of warm water, 1/4 teaspoon of salt, fillings of your choice (shrimp, pork, or a combination of both), and a dipping sauce made from fish sauce, lime juice, chili, and sugar. The preparation steps involve mixing the tapioca starch with warm water and salt to form a dough, then dividing it into small pieces. Each piece is flattened into a circular shape, filled with the chosen fillings, and wrapped into a dumpling. The dumplings are then cooked in boiling water until they float to the surface. Finally, they are served with the dipping sauce.","Dishes similar to Bánh bột lọc include Bánh ít lá gai (a type of dumpling filled with shrimp or pork, wrapped in leaves), Bánh quái vá (a type of dumpling filled with pork and mushrooms, wrapped in a square shape), and Har gow (a Cantonese dim sum dish filled with shrimp, wrapped in a thin dough). These dishes share similarities with Bánh bột lọc in terms of ingredients, preparation, or regional variants.","Here are three famous restaurants in Vietnam known for their Bánh bột lọc: 
- Bánh Bột Lọc Hoàng Ty (34 Trần Hưng Đạo, Huế) - This restaurant is known for its traditional Huế-style Bánh bột lọc, with a wide variety of fillings to choose from.
- Bánh Ẩm Thuận Hóa (22 Trần Nguyên Hãn, Huế) - This food stall has been serving Bánh bột lọc for over 20 years and is famous for its delicious shrimp and pork fillings.
- Madame Lân (4 Trần Phú, Huế) - This restaurant is a popular spot for trying traditional Huế dishes, including Bánh bột lọc, which is served with a side of fresh herbs and dipping sauce."
Bánh căn,"Bánh căn is a traditional Vietnamese dish originating from the central and southern regions, particularly in the Quảng Nam and Đà Nẵng provinces. It consists of small, delicate rice cakes made from a mixture of rice flour, water, and sometimes coconut milk, topped with various ingredients such as grilled pork, shrimp, squid, and eggs. The dish is often served with fresh herbs like basil, mint, and cilantro, as well as a sweet and spicy sauce made from fish sauce, chili, and lime juice. Bánh căn holds significant cultural value in Vietnamese cuisine, representing the simplicity, freshness, and community-oriented nature of the country's food culture. It is often enjoyed as a snack or light meal in casual settings, such as street food stalls or family gatherings.","To cook Bánh căn, you will need the following ingredients: 2 cups of rice flour, 1 cup of water, 1/4 cup of coconut milk, 1/2 teaspoon of salt, and your choice of toppings (grilled pork, shrimp, squid, eggs, etc.). Start by mixing the rice flour, water, and coconut milk in a bowl until a smooth batter forms. Add the salt and stir well. Heat a non-stick pan over medium heat and pour a small amount of the batter into the pan, tilting it to evenly coat the surface. Cook for about 2 minutes, until the edges start to curl and the surface is dry. Loosen the rice cake with a spatula and flip it over to cook for another minute. Repeat the process until all the batter is used up. Serve the Bánh căn with your desired toppings and sauce.","Similar dishes to Bánh căn include Bánh xèo (sizzling pancake), Bánh khot (mini savory pancakes), and Bánh bột lọc (small, chewy rice cakes). These dishes share similarities with Bánh căn in terms of ingredients, preparation, and regional origins. Other regional variants, such as Bánh căn Đà Nẵng (Đà Nẵng-style Bánh căn) and Bánh căn Quảng Nam (Quảng Nam-style Bánh căn), also offer unique twists on the traditional recipe.","Here are three famous restaurants in Vietnam known for their Bánh căn: 
* Bánh Căn Cô Tư (23 Nguyễn Huệ, District 1, Ho Chi Minh City): This small food stall is famous for its delicious and authentic Bánh căn, with a wide variety of toppings to choose from.
* Bánh Căn 22 (22 Trần Quốc Toản, Hải Châu District, Đà Nẵng): This restaurant is known for its traditional Đà Nẵng-style Bánh căn, with a focus on fresh ingredients and generous portions.
* Quán Ăn Ngon (18 Phan Bội Châu, District 1, Ho Chi Minh City): This popular restaurant offers a range of traditional Vietnamese dishes, including Bánh căn, which is made with high-quality ingredients and presented in a modern and elegant way."
Bún thịt nướng,"Bún thịt nướng, which translates to ""grilled pork with noodles,"" is a popular Vietnamese dish originating from the southern region of Vietnam. The main ingredients include grilled pork, rice noodles (bún), fresh herbs like mint and basil, cucumber, carrot, and a sweet and spicy sauce. This dish is culturally significant as it represents the fusion of Vietnamese flavors and the importance of communal dining. It is often served at social gatherings and family events, promoting a sense of community and togetherness.","To make Bún thịt nướng, start by marinating thinly sliced pork in a mixture of fish sauce, soy sauce, garlic, sugar, and black pepper for at least 30 minutes. Then, grill the pork over medium heat until it's well-done and slightly charred. Cook rice noodles according to package instructions and prepare a variety of fresh herbs and vegetables, such as mint, basil, cucumber, and carrot. For the sauce, mix together fish sauce, lime juice, sugar, garlic, and chili sauce. Assemble the dish by placing the noodles at the bottom of a bowl, topping with grilled pork, herbs, and vegetables, and finally pouring the sauce over the top.","Similar dishes to Bún thịt nướng include Bún chả (grilled pork with noodles from Hanoi), Bún bò Huế (spicy beef noodle soup from Huế), and Gỏi cuốn (fresh spring rolls). These dishes share similarities in ingredients, such as the use of rice noodles, fresh herbs, and grilled meats, as well as preparation methods like grilling and assembling.","Here are three famous restaurants in Vietnam known for their Bún thịt nướng:
- **Bún thịt nướng Hoàng Long** in Ho Chi Minh City, located on Nguyễn Thị Minh Khai Street, is famous for its tender and flavorful grilled pork, as well as its variety of fresh herbs and vegetables.
- **Bún thịt nướng 123** in Hanoi, located in the Old Quarter, is known for its traditional recipe and high-quality ingredients, making it a favorite among locals and tourists alike.
- **Bún thịt nướng Năm Lực** in Da Nang, located near the Dragon Bridge, is popular for its generous portions and affordable prices, attracting a large following of locals and visitors looking for an authentic Vietnamese dining experience."
Bánh chưng,"Bánh chưng is a traditional Vietnamese dish originating from the Red River Delta region in northern Vietnam. It is a square-shaped glutinous rice cake filled with a mixture of mung bean paste, pork, and other ingredients, wrapped in banana leaves. The dish is typically served during special occasions such as the Lunar New Year (Tết) and is a symbol of the unity and harmony of the family. The main ingredients include glutinous rice, mung bean paste, pork, and banana leaves. Bánh chưng is not only a popular food item but also holds significant cultural value, representing the country's rich history and traditions.","To cook Bánh chưng, you will need the following key ingredients: 4 cups of glutinous rice, 2 cups of mung bean paste, 1 pound of pork, 1 onion, 2 cloves of garlic, 1 tablespoon of fish sauce, 1 tablespoon of soy sauce, and banana leaves for wrapping. The preparation steps involve soaking the glutinous rice overnight, preparing the mung bean paste and pork filling, and assembling the cake by wrapping the filling in banana leaves. The cake is then boiled for several hours until it is cooked and the rice is tender. The detailed steps include: (1) preparing the ingredients, (2) assembling the cake, (3) wrapping the cake in banana leaves, and (4) boiling the cake for 4-6 hours.","Similar dishes to Bánh chưng include Bánh tét (a cylindrical version of Bánh chưng from southern Vietnam), Bánh giầy (a type of glutinous rice cake often served with mung bean paste or pork), and Khao tom (a Laotian dish made with glutinous rice and fillings similar to Bánh chưng). Other regional variants include Bánh chưng from the central region of Vietnam, which may have different fillings or cooking methods.","Here are 3 famous restaurants in Vietnam known for their Bánh chưng: 
- Highway4 Restaurant (located in Hanoi) - a popular restaurant chain offering a wide range of traditional Vietnamese dishes, including Bánh chưng.
- KOTO Restaurant (located in Hanoi and Ho Chi Minh City) - a social enterprise restaurant that serves traditional Vietnamese cuisine, including Bánh chưng, to support underprivileged youth.
- street food stall ""Bánh Chưng Hồng Hà"" (located in Hanoi's Old Quarter) - a small, family-owned stall that has been serving traditional Bánh chưng for generations, known for its authentic taste and traditional cooking methods."
Bún đậu mắm tôm,"Bún đậu mắm tôm is a traditional Vietnamese dish originating from the Northern region, particularly in Hanoi. The name literally translates to ""noodle tofu shrimp paste,"" which are the main ingredients of the dish. It consists of a combination of soft rice noodles (bún), fried tofu (đậu), and a variety of herbs, all served with a side of mắm tôm, a fermented shrimp paste that is a staple condiment in Northern Vietnamese cuisine. The dish is often served as a snack or light meal and holds significant cultural value as a comfort food that brings people together. Its simplicity and flavor have made it a beloved dish across Vietnam, with each region adding its own twist to the recipe.","To cook Bún đậu mắm tôm, you will need the following key ingredients: rice noodles, firm tofu, mắm tôm (fermented shrimp paste), a variety of fresh herbs like mint, basil, and perilla, and pork or pork belly for added flavor. The basic steps include: (1) preparing the mắm tôm by mixing it with lime juice, sugar, and chili to create a dipping sauce; (2) cutting the tofu into small pieces and deep-frying them until crispy; (3) cooking the rice noodles according to the package instructions and draining them; (4) grilling or cooking the pork if using; and (5) assembling all the components on a tray or individual plates, allowing each person to create their own combination of flavors and textures.","Similar dishes to Bún đậu mắm tôm include other Vietnamese noodle or rice dishes that feature fermented condiments or a variety of fresh herbs. Examples include Bún riêu, which is a noodle soup made with crab and tomato broth, and Bánh xèo, a crispy rice flour pancake stuffed with shrimp, pork, and bean sprouts. Regional variants of Bún đậu mắm tôm can be found, with some adding different types of meat or varying the preparation of the mắm tôm.","- **Bún Đậu Mắm Tôm Hàng Bè** in Hanoi: Located in the heart of the city, this small restaurant is renowned for its traditional recipe and high-quality ingredients, making it a must-visit for anyone looking to try authentic Bún đậu mắm tôm.
- **Bún Đậu Mắm Tôm Gia Viên** in Ho Chi Minh City: This restaurant is known for its innovative approach to the dish, offering a modern twist with additional ingredients while still maintaining the core flavors that make Bún đậu mắm tôm so beloved.
- **Đậu Homemade** in Da Nang: This cozy, family-run eatery has gained a reputation for its generous portions and the freshness of its herbs, making it a favorite among locals and tourists alike who are looking for a genuine experience of Vietnamese comfort food."
Bánh bèo,"Bánh bèo is a traditional Vietnamese dish originating from the central region of Vietnam, particularly in Huế. The name ""bánh bèo"" literally translates to ""water fern cake"" due to its resemblance to a water fern. This small, steamed rice cake is made from a mixture of rice flour and water, and is typically served with a variety of toppings such as dried shrimp, pork, and scallions. The cultural significance of bánh bèo lies in its role as a popular street food and snack in Vietnamese cuisine, often enjoyed during social gatherings and special occasions. Its simplicity and delicate flavor have made it a beloved dish throughout Vietnam.","To make bánh bèo, you will need the following key ingredients: 2 cups of rice flour, 1/2 cup of tapioca starch, 1/4 teaspoon of salt, 1/2 cup of coconut milk, and 1/2 cup of water. Start by mixing the rice flour, tapioca starch, and salt in a bowl. Gradually add the coconut milk and water, stirring until the mixture forms a smooth batter. Pour the batter into small, shallow molds or cups. Steam the cakes over boiling water for about 10-15 minutes, or until they are cooked through and have a soft, spongy texture. Serve the bánh bèo with your choice of toppings, such as dried shrimp, grilled pork, and fresh scallions.","Similar dishes to bánh bèo include bánh-bot-lọc (small, chewy dumplings made from tapioca flour) and bánh ít (glutinous rice cakes filled with sweet or savory fillings). Other regional variants of bánh bèo can be found in different parts of Vietnam, such as bánh ướt (wet cake) in the north and bánh đúc (small, steamed cakes made from rice flour and tapioca starch) in the south.","Here are 3 famous restaurants in Vietnam known for their delicious bánh bèo: 
- Bánh Bèo Huế at 109 Lê Lợi, Huế: This restaurant is famous for its traditional bánh bèo recipe, which has been passed down through generations.
- Quán Bánh Bèo at 235 Nguyễn Trãi, District 1, Ho Chi Minh City: This popular food stall is known for its wide variety of bánh bèo toppings and flavorful sauces.
- Bánh Bèo Cô Huệ at 118 Đinh Tiên Hoàng, Huế: This small, family-owned restaurant has been serving some of the best bánh bèo in Huế for over 20 years, with a focus on using fresh, high-quality ingredients."
Bánh tét,"Bánh tét is a traditional Vietnamese dish originating from the southern region, particularly in the Mekong Delta. It is a type of glutinous rice cake filled with various ingredients, typically mung bean or pork, and wrapped in banana leaves. The main ingredients include glutinous rice, mung bean paste, pork, and banana leaves. Bánh tét holds significant cultural importance, especially during the Lunar New Year (Tết) celebrations, where it symbolizes unity, prosperity, and good fortune. The dish is often served as an offering to ancestors and as a gift to relatives and friends during the holiday season.","To make Bánh tét, you will need the following ingredients: 2 cups of glutinous rice, 1 cup of mung bean paste, 1/2 cup of pork, 1/4 cup of chopped scallions, 1/4 cup of chopped mushrooms, 2 tablespoons of fish sauce, 1 tablespoon of soy sauce, and banana leaves for wrapping. The preparation steps include soaking the glutinous rice overnight, cooking the mung bean paste and pork filling, and assembling the Bánh tét by wrapping the filling in glutinous rice and banana leaves. Steam the Bánh tét for about 4-5 hours until the rice is cooked and the filling is tender.","Similar dishes to Bánh tét include Bánh chưng, which is a square-shaped glutinous rice cake filled with mung bean paste and pork, typically served during the Lunar New Year. Other similar dishes are Bánh ú, a small, triangular glutinous rice cake filled with mung bean paste, and Khao Tom, a Laotian dish consisting of glutinous rice and various fillings wrapped in banana leaves.","Here are 3 famous restaurants in Vietnam known for their Bánh tét: 
- Bánh Tét Cô Út (Location: 145/23 Nguyễn Trãi, District 1, Ho Chi Minh City) - known for their traditional Bánh tét recipe and variety of fillings.
- Bánh Tét Lá Cọ (Location: 198/3 Lê Thánh Tôn, District 1, Ho Chi Minh City) - famous for their coconut leaf-wrapped Bánh tét and delicious mung bean paste filling.
- Bánh Tét Bà Huệ (Location: 66/14 Nguyễn Văn Cừ, District 5, Ho Chi Minh City) - a popular spot for traditional Bánh tét and other Vietnamese desserts, particularly during the Lunar New Year celebrations."
Cao lầu,"Cao lầu is a traditional Vietnamese noodle dish originating from the ancient town of Hoi An in central Vietnam. The dish is characterized by its unique ingredients, including chewy, yellow-colored noodles made from rice flour and water from a specific well in Hoi An, sliced pork, herbs, and a sweet and spicy sauce. The cultural significance of Cao lầu lies in its representation of Hoi An's culinary heritage and its connection to the town's history and traditions. The dish is often served as a symbol of local pride and is a must-try for visitors to Hoi An.","To cook Cao lầu, the following ingredients are needed: 200g of Cao lầu noodles, 200g of sliced pork (braised in a mixture of fish sauce, soy sauce, and sugar), 100g of bean sprouts, 100g of chopped herbs (such as basil, mint, and cilantro), 2 tablespoons of sweet and spicy sauce (made from a mixture of fish sauce, lime juice, chili, and sugar), and 1 tablespoon of fried shallots. The preparation steps include cooking the noodles, braising the pork, preparing the herbs and sauce, and assembling the dish by placing the noodles, pork, bean sprouts, and herbs in a bowl and topping it with the sweet and spicy sauce and fried shallots.","Similar dishes to Cao lầu include Mì Quảng (a noodle dish from the neighboring province of Quang Nam), Bún Tháng (a noodle dish from Hanoi), and Phở (a popular Vietnamese noodle soup). These dishes share similarities with Cao lầu in terms of ingredients, such as the use of rice noodles, herbs, and sweet and spicy sauces, as well as preparation methods, such as the use of braised pork and the assembly of the dish.","Here are 3 famous restaurants in Vietnam that are known for their Cao lầu:
* Thanh Cao Lầu (Hoi An): This restaurant is located in the heart of Hoi An's ancient town and is known for its authentic Cao lầu dish, which is made with traditional ingredients and cooking methods.
* Morning Glory Restaurant (Hoi An): This restaurant is a popular destination for visitors to Hoi An and is known for its creative take on traditional Vietnamese dishes, including Cao lầu.
* Cao Lầu Lộc Lễ (Hoi An): This small food stall is located in a quiet alleyway in Hoi An and is known for its delicious and affordable Cao lầu, which is made with fresh ingredients and a secret recipe that has been passed down through generations."
Cháo lòng,"Cháo lòng is a traditional Vietnamese rice porridge dish that originates from the northern regions of Vietnam. The main ingredients include rice, pork blood, pork offal (such as intestines, stomach, and liver), ginger, and various spices. This dish is deeply rooted in Vietnamese culture and is often served as a comfort food or a remedy for colds and hangovers. The cultural significance of Cháo lòng lies in its ability to bring people together, as it is commonly consumed at family gatherings, street food stalls, and local markets. The dish is also a reflection of Vietnamese resourcefulness and frugality, as it utilizes every part of the pig to minimize waste.","To cook Cháo lòng, start by rinsing 1 cup of rice and soaking it in water for about 4 hours. Then, drain the water and cook the rice in a large pot with 4 cups of pork or chicken broth, and 2 cups of water, over low heat for about 1 hour, or until the rice is soft and creamy. Meanwhile, prepare the pork offal by cleaning and slicing it into bite-sized pieces. Cook the offal in a separate pot of boiling water for about 10 minutes, then rinse it with cold water. Add the cooked offal, 1/2 cup of pork blood, 1 tablespoon of grated ginger, and 1 teaspoon of ground black pepper to the rice porridge. Stir well and cook for an additional 10 minutes. Season with salt, fish sauce, and lime juice to taste. Serve hot, garnished with chopped scallions, cilantro, and a squeeze of lime juice.","Similar dishes to Cháo lòng include other Asian rice porridge dishes, such as Chinese congee, Japanese okayu, and Korean juk. In Vietnam, similar dishes include Cháo gà (chicken rice porridge), Cháo bò (beef rice porridge), and Bún bò Huế (spicy beef noodle soup). These dishes share similarities in ingredients, preparation, and cultural significance, and are often served as comfort foods or remedies for illness.","Here are 3 famous restaurants in Vietnam that are known for their Cháo lòng:
* Cháo Lòng Cô Ut (47 Nguyen Si Sach, Ben Nghe, District 1, Ho Chi Minh City): This small food stall has been serving Cháo lòng for over 20 years and is known for its rich, flavorful broth and variety of pork offal.
* Cháo Lòng Gánh (18 Au Trieu, Hoan Kiem, Hanoi): This popular street food stall in Hanoi's Old Quarter has been featured in numerous food blogs and travel guides, and is famous for its delicious Cháo lòng and friendly service.
* Cháo Lòng 37 (37 Nguyen Thai Hoc, Ba Dinh, Hanoi): This restaurant is located in the heart of Hanoi and is known for its high-quality Cháo lòng, made with fresh ingredients and a secret recipe that has been passed down through generations."
Cá kho tộ,"Cá kho tộ, also known as Vietnamese claypot fish, is a traditional Vietnamese dish originating from the southern region. The main ingredients include fish (usually catfish or carp), fish sauce, soy sauce, sugar, garlic, shallots, and chili. The dish is cooked in a clay pot, which gives it a unique flavor and texture. Cá kho tộ is a staple dish in Vietnamese cuisine, often served during special occasions and holidays. It is also a popular comfort food, symbolizing warmth and hospitality. The cultural significance of Cá kho tộ lies in its ability to bring people together, as it is often served family-style, encouraging sharing and communal eating.","To cook Cá kho tộ, start by preparing the ingredients: 1 lb of fish (cut into small pieces), 2 cloves of garlic (minced), 1 shallot (minced), 1 chili (sliced), 2 tablespoons of fish sauce, 1 tablespoon of soy sauce, 1 tablespoon of sugar, and 1/4 cup of coconut water. In a clay pot, combine the fish, garlic, shallot, and chili. In a separate bowl, mix the fish sauce, soy sauce, sugar, and coconut water. Pour the sauce mixture over the fish and cook over low heat for about 30 minutes, or until the fish is cooked through and the sauce has thickened. Serve hot with steamed rice.","Similar dishes to Cá kho tộ include Thai claypot fish, Korean jjigae, and Chinese steamed fish. These dishes share similarities in ingredients, such as the use of fish, soy sauce, and chili, as well as cooking methods, like steaming or braising. Regional variants of Cá kho tộ can be found in other Southeast Asian countries, such as Cambodia and Laos, where fish is a staple ingredient.","Here are 3 famous restaurants in Vietnam known for their Cá kho tộ: 
* Bà Ghien Restaurant (Ho Chi Minh City): Located in the heart of District 1, Bà Ghien is a popular restaurant serving traditional Vietnamese dishes, including Cá kho tộ. They are known for their flavorful sauce and tender fish.
* Highway4 Restaurant (Hanoi): This restaurant is a favorite among locals and tourists alike, offering a variety of Vietnamese dishes, including Cá kho tộ. Their version is cooked to perfection, with a balance of sweet, sour, and spicy flavors.
* Cơm Tấm 68 Restaurant (Da Nang): This casual eatery is famous for its Cá kho tộ, which is cooked in a traditional clay pot and served with steamed rice and fresh herbs. The restaurant is a must-visit for anyone looking to try authentic Vietnamese cuisine in Da Nang."
Bún bò Huế,"Bún bò Huế is a popular Vietnamese noodle soup originating from Huế, the former imperial capital of Vietnam. The dish is known for its rich, flavorful broth made with beef bones, pork bones, and a variety of spices, including lemongrass, ginger, and chili. The main ingredients include rice noodles (bún), beef (bò), and pork blood cubes, which give the broth its distinctive flavor and texture. Bún bò Huế holds significant cultural importance in Vietnam, as it is often served at special occasions and is a symbol of the country's culinary heritage. The dish is also a reflection of the city of Huế's history and cuisine, which is heavily influenced by the imperial court and the region's geographic location.","To make Bún bò Huế, start by preparing the broth. Combine beef bones, pork bones, onions, ginger, lemongrass, and chili in a large pot and simmer for at least 1 hour. Then, add beef shank, pork blood cubes, and fish sauce to the pot and continue to simmer for another 30 minutes. Cook rice noodles according to package instructions and slice the beef into thin strips. Assemble the dish by placing the noodles in a bowl, adding sliced beef, pork blood cubes, and herbs like mint, basil, and lime wedges. Ladle the hot broth over the ingredients and serve immediately.","Similar dishes to Bún bò Huế include Phở, a popular Vietnamese noodle soup made with beef broth and rice noodles, and Bún riêu, a noodle soup made with crab and tomato broth. Other regional variants include Bún bò Nam Bộ, a southern-style beef noodle soup, and Bún bò Hà Nội, a Hanoi-style beef noodle soup. These dishes share similarities with Bún bò Huế in terms of ingredients, preparation, and cultural significance.","Here are 3 famous restaurants in Vietnam known for their Bún bò Huế:
* Bún Bò Huế Mụ Đỗ De (Huế): This restaurant is located in the heart of Huế and is known for its authentic and delicious Bún bò Huế. The restaurant has been serving the dish for over 20 years and is a favorite among locals and tourists.
* Bún Bò Gác Đỏ (Hanoi): This restaurant is located in the Old Quarter of Hanoi and is famous for its Bún bò Huế, which is made with high-quality ingredients and a secret recipe. The restaurant has been featured in several food blogs and magazines.
* Bún Bò Huế O Xuân (Ho Chi Minh City): This restaurant is located in District 1 of Ho Chi Minh City and is known for its flavorful and spicy Bún bò Huế. The restaurant is a popular spot for locals and tourists alike, and is often cited as one of the best places to try the dish in the city."
Phở,"Phở is a traditional Vietnamese noodle soup that originated in the early 20th century in Northern Vietnam, specifically in the cities of Hanoi and Nam Dinh. The main ingredients of Phở include a flavorful broth made from beef or chicken bones, onions, ginger, and star anise, served with soft rice noodles, sliced beef (rare, well-done, or brisket), and various garnishes such as bean sprouts, lime wedges, basil, and chili sauce. Phở holds significant cultural importance in Vietnam, often served at family gatherings, special occasions, and as a comfort food. It is a symbol of Vietnamese cuisine and hospitality, with each region having its own variation of the dish.","To cook Phở, start by preparing the broth. Combine 4 pounds of beef bones, 2 onions, 2 inches of ginger, and 1 star anise in a large pot. Pour in 4 quarts of beef stock and 2 quarts of water, then bring to a boil and simmer for at least 1 hour. Strain the broth and season with fish sauce, soy sauce, and sugar. Cook 1 pound of rice noodles according to package instructions. Slice 1 pound of rare beef into thin strips. Assemble the Phở by placing noodles in a bowl, adding sliced beef, and ladling the hot broth over the top. Garnish with bean sprouts, lime wedges, basil, and chili sauce.","Similar dishes to Phở include Bún Bò Huế (a spicy beef noodle soup from Central Vietnam), Bún Riêu (a noodle soup made with crab and tomatoes), and Wonton Noodles (a Cantonese dish from Southern China). Regional variants of Phở include Phở Nam (Southern-style Phở with a sweeter broth) and Phở Bac (Northern-style Phở with a clearer broth).","- Phở Gia Truyen (49 Bat Dan Street, Hanoi): Known for its traditional Hanoi-style Phở with a rich, clear broth and tender beef.
- Phở 2000 (1-3-5 Phan Bội Châu Street, District 1, Ho Chi Minh City): Famous for its Southern-style Phở with a sweeter broth and various toppings.
- Phở Thin (13 Lo Duc Street, Hanoi): A popular spot for Phở lovers, serving a unique version of Phở with a sweet and spicy broth, and tender, grilled beef."
Xôi xéo,"Xôi xéo is a traditional Vietnamese dish originating from the North, particularly in Hanoi. The name ""xéo"" refers to the action of scraping or peeling the mung bean paste, which is the main ingredient. This popular breakfast or snack item consists of sticky rice (xôi) topped with a generous serving of mung bean paste (đậu xanh), fried shallots, and sometimes grilled pork or chicken. The dish holds significant cultural value as it is often served during special occasions and is a staple in many Vietnamese households. The combination of the soft, chewy rice and the sweet, nutty mung bean paste creates a delicious and iconic flavor profile that is distinctly Vietnamese.","To make Xôi xéo, you will need the following ingredients: glutinous rice, mung beans, pork or chicken (optional), shallots, and various seasonings. The preparation steps include soaking and cooking the glutinous rice, soaking and mashing the mung beans into a paste, and frying the shallots until crispy. The mung bean paste is then mixed with seasonings and sometimes cooked with pork or chicken for added flavor. The cooked rice is molded into a shape, and the mung bean paste is placed on top, finished with a sprinkle of fried shallots.","Similar dishes to Xôi xéo include other Vietnamese sticky rice variations such as Xôi lạc (sticky rice with peanuts), Xôi ngô (sticky rice with corn), and Xôi đậu đen (sticky rice with black beans). These dishes share similarities in ingredients and preparation, with different toppings or mix-ins added to the sticky rice base.","Here are three famous restaurants in Vietnam known for their Xôi xéo:
- Xôi Xéo Mrs. Linh (47 Nguyễn Siêu, Hàng Bạc, Hoàn Kiếm, Hà Nội): Known for their generous portions and flavorful mung bean paste.
- Xôi Yến (35B Nguyễn Hữu Huân, Lý Thái Tổ, Hoàn Kiếm, Hà Nội): A popular spot for both locals and tourists, offering a variety of sticky rice dishes including Xôi xéo.
- Xôi Gác (171 Đặng Văn Ngữ, Phương Liên, Đống Đa, Hà Nội): This restaurant is famous for its traditional Vietnamese sticky rice dishes, including Xôi xéo, which is made with high-quality ingredients and a secret recipe."
Bánh mì,"Bánh mì is a popular Vietnamese sandwich that originated in Vietnam during the French colonial period. The main ingredients include a crispy baguette, various meats such as grilled pork, chicken, or tofu, pickled vegetables like carrots and daikon, cilantro, and chili sauce. The dish is a fusion of French and Vietnamese cuisine, reflecting the cultural exchange between the two countries. Bánh mì is not only a staple food in Vietnam but also a symbol of the country's rich culinary heritage and cultural diversity. It is often served as a quick and affordable snack or meal, enjoyed by people from all walks of life.","To make a basic Bánh mì, you will need the following ingredients: a Vietnamese-style baguette, grilled pork or other preferred meat, pickled carrots and daikon, cilantro, chili sauce, mayonnaise, and soy sauce. The preparation steps involve: (1) toasting the baguette, (2) grilling the meat, (3) preparing the pickled vegetables by mixing grated carrots and daikon with vinegar, sugar, and salt, (4) assembling the sandwich by spreading mayonnaise and soy sauce on the baguette, adding the grilled meat, pickled vegetables, cilantro, and chili sauce.","Similar dishes to Bánh mì include Vietnamese sandwiches like Bánh mì ốp la (with fried egg) and Bánh mì xíu mại (with meatballs), as well as other Asian-style sandwiches such as Korean bulgogi sandwich and Japanese teriyaki chicken sandwich. Regional variants of Bánh mì can be found in different parts of Vietnam, with distinct ingredients and flavors, such as Bánh mì ở Sài Gòn (Saigon-style Bánh mì) and Bánh mì ở Hà Nội (Hanoi-style Bánh mì).","Here are 3 famous restaurants in Vietnam known for their Bánh mì: 
- Bánh Mì Huỳnh Hoa (26 Lê Thị Riêng, Bến Nghé, Quận 1, Hồ Chí Minh) - a popular spot in Ho Chi Minh City for its delicious and authentic Bánh mì.
- Bánh Mì 37 (59 Trần Cao Vân, Quận Đống Đa, Hà Nội) - a well-known restaurant in Hanoi for its wide variety of Bánh mì options and high-quality ingredients.
- Madam Khanh (115 Trần Cao Vân, Quận Đống Đa, Hà Nội) - a famous food stall in Hanoi, often referred to as the ""Bánh mì queen,"" serving some of the best Bánh mì in the city."
Bánh xèo,"Bánh xèo is a traditional Vietnamese savory pancake that originated in the southern region of Vietnam. The main ingredients include a rice flour batter filled with shrimp, pork, and bean sprouts, cooked in a hot skillet until crispy and golden brown. This dish is not only a staple in Vietnamese cuisine but also holds cultural significance, often served at family gatherings and social events. The name ""Bánh xèo"" literally translates to ""sizzling cake,"" which refers to the sound the batter makes when it hits the hot skillet. The dish is typically served with fresh herbs, lettuce leaves, and sweet sauce, allowing each person to assemble their own roll.","To cook Bánh xèo, you will need the following key ingredients: 2 cups of rice flour, 1/2 cup of coconut milk, 1/2 cup of water, 1/4 teaspoon of salt, 1/4 teaspoon of sugar, 1/2 teaspoon of active dry yeast, 1/2 cup of shrimp, 1/2 cup of diced pork, 1 cup of bean sprouts, and vegetable oil for frying. The preparation steps include mixing the batter ingredients and letting it rest for 30 minutes, then heating a skillet with oil and pouring in the batter to cook until the bottom is crispy. Add the fillings to one half of the pancake and fold the other half to cover, cooking for another minute. Serve hot with fresh herbs and sweet sauce.","Similar dishes to Bánh xèo include Bánh ký (a smaller version of Bánh xèo), Bánh căn (a rice flour cake filled with shrimp or pork), and Okonomiyaki (a Japanese savory pancake). Regional variants of Bánh xèo can be found in other Southeast Asian countries, such as the Thai dish ""Khanom buang"" (a crispy rice flour pancake filled with sweet or savory fillings).","Here are 3 famous restaurants in Vietnam known for their Bánh xèo: 
- Bánh Xèo 46A in Ho Chi Minh City, located at 46A Đinh Công Tráng, District 1, known for its delicious and crispy Bánh xèo at an affordable price.
- Bánh Xèo Mười Xuân in Hanoi, located at 35 Nguyễn Văn Cừ, Ba Đình District, famous for its traditional Bánh xèo recipe and fresh ingredients.
- Bánh Xèo Cô Du in Da Nang, located at 280 Hoàng Diệu, Hải Châu District, popular among locals and tourists for its mouthwatering Bánh xèo and variety of fillings."
Cơm tấm,"Cơm tấm, which translates to ""broken rice,"" is a popular Vietnamese dish that originated in the southern region of Vietnam, particularly in Saigon (now Ho Chi Minh City). The main ingredients include fractured or broken grains of rice, which are typically served with a variety of toppings such as grilled pork (thịt nướng), egg meatloaf (chả trứng), fish sauce (nước mắm), and fresh herbs like mint and basil. The dish has significant cultural importance, as it represents resourcefulness and frugality, utilizing broken rice grains that would otherwise go to waste. Cơm tấm is often served as a comfort food and is commonly found in street food stalls and local eateries throughout Vietnam.","To cook Cơm tấm, start by preparing the broken rice according to package instructions or by cooking regular rice and then breaking it into smaller fragments. Meanwhile, prepare the toppings: marinate thinly sliced pork in a mixture of fish sauce, soy sauce, and spices, then grill until cooked. Prepare the egg meatloaf by mixing ground pork with eggs, fish sauce, and spices, shaping into a loaf, and steaming until cooked. Assemble the dish by placing a scoop of broken rice on a plate, followed by a selection of toppings, and finish with a drizzle of fish sauce and a sprinkle of fresh herbs. Key ingredients include broken rice, grilled pork, egg meatloaf, fish sauce, and fresh herbs.","Similar dishes to Cơm tấm include Cơm rang (fried rice), Xôi (sticky rice), and Bánh mì (Vietnamese sandwich), which all share similarities in ingredients or preparation methods. Regional variants of Cơm tấm can be found in other Southeast Asian countries, such as Thailand's Khao Pad (fried rice) and Cambodia's Bai Mon (broken rice).","Here are 3 famous restaurants in Vietnam known for their Cơm tấm: 
- Cơm Tấm Bãi Xê (Located in District 3, Ho Chi Minh City): This restaurant is famous for its traditional Cơm tấm recipe and has been featured in various food blogs and travel guides.
- Cơm Tấm Kieu Gia (Located in District 1, Ho Chi Minh City): This eatery is known for its high-quality ingredients and generous portions, making it a favorite among locals and tourists alike.
- Cơm Tấm 119 (Located in Tan Binh District, Ho Chi Minh City): This casual food stall has been serving Cơm tấm for over 20 years and is beloved for its flavorful toppings and affordable prices."
Hủ tiếu,"Hủ tiếu is a traditional Vietnamese noodle soup originating from the southern region, particularly in the Mekong Delta area. The main ingredients include thin, chewy rice noodles, pork broth, and various toppings such as sliced pork, shrimp, fish balls, and vegetables. The dish is often served with an assortment of garnishes like bean sprouts, lime wedges, and fresh herbs, allowing each person to customize their meal. Hủ tiếu holds significant cultural value in Vietnamese cuisine, representing community and hospitality, as it is often served at social gatherings and family reunions.","To cook Hủ tiếu, start by preparing the pork broth, which involves simmering pork bones, onions, and ginger in a large pot of water for at least an hour. Meanwhile, cook the rice noodles according to package instructions and prepare the toppings by slicing the pork, peeling and de-veining the shrimp, and cutting the fish balls into bite-sized pieces. Assemble the dish by placing the noodles in a bowl, adding the desired toppings, and ladling the hot pork broth over the top. Garnish with bean sprouts, lime wedges, and fresh herbs, and serve immediately.","Similar dishes to Hủ tiếu include Phở, another popular Vietnamese noodle soup; Wonton noodles, a Chinese dish with thin noodles and wontons in a light broth; and Bánh canh, a Vietnamese noodle soup made with thicker, chewier noodles. Regional variants of Hủ tiếu can be found in other Southeast Asian countries, such as Cambodia, where a similar dish called Kuy teav is popular.","- Hủ Tiếu Nam Vang on Nguyễn Văn Cừ Street in District 1, Ho Chi Minh City, is known for its rich, flavorful broth and tender toppings.
- Hủ Tiếu Thanh Xuân at 62 Đặng Văn Ngữ Street in Phú Nhuận District, Ho Chi Minh City, offers a unique dry version of Hủ tiếu, where the noodles are tossed in a savory sauce instead of broth.
- Quán Hủ Tiếu 85 on Lê Lợi Street in District 1, Cần Thơ City, is famous for its generous portions and wide variety of toppings, making it a favorite among locals and tourists alike."
Bánh cu đơ,"Bánh cu đơ is a traditional Vietnamese dessert originating from the northern region, particularly in the city of Hải Phòng. The main ingredients include glutinous rice flour, sugar, and mung bean paste, which are carefully crafted to create a delicate, chewy cake. This dessert holds significant cultural value as it is often served during special occasions and holidays, such as the Lunar New Year. The name ""Bánh cu đơ"" literally translates to ""pipe cake"" due to its cylindrical shape, resembling a pipe. The dessert is not only a treat for the taste buds but also a symbol of good fortune and prosperity.","To make Bánh cu đơ, start by preparing the mung bean paste filling. Soak 200g of mung beans overnight, then steam them until soft. Mash the mung beans and mix with 100g of sugar and 1/4 teaspoon of salt. For the dough, combine 200g of glutinous rice flour with 100g of sugar, 1/4 teaspoon of salt, and 100ml of water. Knead the dough until it becomes smooth and pliable. Divide the dough into small pieces and flatten each piece into a circle. Place a small amount of mung bean paste in the center of each circle, then fold and shape the dough into cylindrical pipes. Steam the Bánh cu đơ for 10-15 minutes, or until they are cooked through and slightly chewy.","Similar desserts to Bánh cu đơ include Bánh dày (glutinous rice cake), Bánh khúc (mung bean paste cake), and Bánh chưng (square glutinous rice cake). These dishes share similarities in ingredients and preparation methods, with a focus on glutinous rice and mung bean paste. Regional variants of Bánh cu đơ can be found in other parts of Vietnam, such as Bánh tét (cylindrical glutinous rice cake) in the southern region.","Here are three famous restaurants in Vietnam known for their Bánh cu đơ:
* Bánh cu đơ Hải Phòng (Hải Phòng City): This restaurant is renowned for its traditional Bánh cu đơ recipe, which has been passed down through generations. Visitors can enjoy the dessert in a cozy, family-run setting.
* Quán Ăn Ngon (Hanoi): Located in the heart of Hanoi, Quán Ăn Ngon offers a wide range of traditional Vietnamese desserts, including Bánh cu đơ. The restaurant is known for its high-quality ingredients and authentic recipes.
* Bánh Sweet (Ho Chi Minh City): This popular dessert shop in Ho Chi Minh City offers a modern twist on traditional Bánh cu đơ, with unique flavors and fillings. Visitors can enjoy the dessert in a trendy, Instagram-worthy setting."
Nem nướng,"Nem nướng, which translates to ""grilled pork sausage"" or ""grilled pork paste,"" is a popular Vietnamese dish originating from the central and southern regions of Vietnam. The main ingredients include ground pork, pork fat, garlic, black pepper, fish sauce, and sometimes crab or shrimp for added flavor. The ingredients are mixed together, then wrapped in banana leaves and grilled over charcoal. Nem nướng holds significant cultural importance in Vietnamese cuisine, often served as an appetizer or snack during special occasions and gatherings. Its smoky flavor and tender texture make it a beloved dish throughout Vietnam.","To make Nem nướng, you'll need the following ingredients: 500g ground pork, 100g pork fat, 2 cloves of garlic (minced), 1 tablespoon fish sauce, 1 tablespoon sugar, 1 teaspoon black pepper, and banana leaves for wrapping. First, mix all the ingredients together in a bowl until well combined. Then, divide the mixture into small portions and shape each into a cylindrical form. Wrap each portion in a banana leaf, securing it with a toothpick if needed. Grill the Nem nướng over medium heat for about 10-15 minutes on each side, or until the banana leaf is charred and the meat is cooked through. Serve hot with fresh herbs, pickled carrots, and rice paper for wrapping.","Similar dishes to Nem nướng include Chả lụa (Vietnamese sausage), Chả giò (fried spring rolls), and Thịt nướng (grilled pork). Regional variants of Nem nướng can be found in other Southeast Asian countries, such as the grilled meatballs in Thailand and the satay in Indonesia and Malaysia. These dishes share similarities in ingredients, preparation, or cooking methods, but each has its unique flavor profile and cultural significance.","Here are 3 famous restaurants in Vietnam known for their Nem nướng:
* **Nem Nướng Cô Út** (Ho Chi Minh City): Located in District 1, this small food stall has been serving Nem nướng for over 20 years and is known for its secret recipe and tender texture.
* **Quán Ăn Ngon** (Hanoi): This restaurant in the Old Quarter offers a wide range of Vietnamese dishes, including Nem nướng, which is grilled to perfection and served with fresh herbs and rice paper.
* **Bánh Xèo Mười Xuân** (Da Nang): This restaurant in the heart of Da Nang is famous for its Nem nướng, which is made with fresh ingredients and grilled over charcoal, giving it a smoky flavor that attracts locals and tourists alike."
Bánh mì cay,"Bánh mì cay, which translates to ""spicy bread"" or ""spicy sandwich,"" is a popular Vietnamese dish that originated in the central region of Vietnam, particularly in the city of Da Nang. The main ingredients include a crispy baguette, various meats such as grilled pork, chicken, or tofu, pickled carrots and daikon, cilantro, chili sauce, and mayonnaise. This dish has significant cultural importance as it represents the fusion of French and Vietnamese cuisine, reflecting the country's history of colonialism and its adaptation of foreign influences. Bánh mì cay is often enjoyed as a snack or light meal and is widely available at street food stalls, markets, and restaurants throughout Vietnam.","To make a basic bánh mì cay, you will need the following ingredients: a Vietnamese-style baguette, grilled pork or other preferred meat, pickled carrots and daikon, cilantro, chili sauce, mayonnaise, and cucumber slices. The preparation steps include toasting the baguette, grilling the meat, and assembling the sandwich by spreading mayonnaise and chili sauce on the baguette, adding the grilled meat, pickled vegetables, cilantro, and cucumber slices. Finally, the sandwich is served immediately and can be customized with additional toppings such as sliced chilies or avocado.","Similar dishes to bánh mì cay include other Vietnamese sandwiches such as bánh mì ốp la (with fried egg) and bánh mì xíu mại (with meatballs), as well as regional variants like bánh mì Đà Nẵng (Da Nang-style sandwich) and bánh mì Sài Gòn (Saigon-style sandwich). Internationally, similar dishes include the Cuban sandwich and the banh mi-inspired sandwiches found in some Asian fusion restaurants.","Here are three famous restaurants or food stalls in Vietnam known for their bánh mì cay: 
- Madame Khánh - The Banh Mi Queen (Da Nang): Known for their traditional and delicious bánh mì cay, this small restaurant has been featured in various food blogs and travel guides.
- Banh Mi 37 (Hanoi): This popular food stall in Hanoi's Old Quarter offers a wide variety of bánh mì, including the classic bánh mì cay, and is often recommended by locals and tourists alike.
- Banh Mi Huynh Hoa (Ho Chi Minh City): Located in the heart of District 1, this restaurant is famous for its mouth-watering bánh mì cay and other Vietnamese dishes, making it a must-visit destination for food enthusiasts."
Cơm cháy,"Cơm cháy, which translates to ""burnt rice"" in English, is a popular Vietnamese dish originating from the northern regions of Vietnam. The main ingredients include burnt or crispy rice, usually served with various toppings such as grilled pork, chicken, or fish, alongside a variety of herbs and dipping sauces. This dish is deeply rooted in Vietnamese culture, symbolizing resourcefulness and thriftiness, as it was traditionally made from the leftover rice at the bottom of the pot. Cơm cháy is often served as a snack or appetizer and is widely enjoyed throughout Vietnam, with different regional variations offering unique twists on the classic recipe.","To make Cơm cháy, you will need the following key ingredients: leftover cooked rice, vegetable oil, grated coconut, grilled pork or chicken, fish sauce, lime juice, chili sauce, and various herbs like mint, basil, and cilantro. The preparation steps involve scraping the burnt rice from the bottom of the pot, crushing it into smaller pieces, and then frying it in oil until crispy. The grilled meat is then sliced and served on top of the crispy rice, accompanied by a dipping sauce made from fish sauce, lime juice, and chili sauce. Finally, the dish is garnished with herbs and grated coconut.","Similar dishes to Cơm cháy include Cơm tấm (broken rice) from southern Vietnam, which is served with a variety of toppings, and Xôi (sticky rice), which is often served with grilled meat or chicken. Other regional variants include Bánh tráng nướng (grilled rice paper) from central Vietnam and Bún cháy (burnt noodle soup) from northern Vietnam. These dishes share similarities with Cơm cháy in terms of ingredients, preparation, or cultural significance.","Here are 3 famous restaurants in Vietnam known for their Cơm cháy:
* Cơm Cháy Góc Đậu (Hanoi): Located in the heart of Hanoi's Old Quarter, this small food stall is renowned for its crispy and flavorful Cơm cháy, topped with a variety of grilled meats and fresh herbs.
* Restaurant 37 (Ho Chi Minh City): This popular restaurant in District 1, Ho Chi Minh City, offers a modern twist on traditional Cơm cháy, with unique toppings and dipping sauces.
* Cơm Cháy Bà Nội (Hoi An): This family-run restaurant in Hoi An's ancient town is famous for its authentic and delicious Cơm cháy, made with love and care, just like grandma used to make. These restaurants are known for their high-quality ingredients, traditional cooking methods, and generous portions, making them a must-visit for anyone trying Cơm cháy in Vietnam."
Bò bía,"Bò bía is a popular Vietnamese dish that originated from the Chinese community in Vietnam, particularly in the southern region. The main ingredients include shredded dried beef, lettuce, cucumbers, pickled carrots, daikon, and various herbs, all wrapped in a rice paper roll. This dish is often served as a snack or appetizer and holds cultural significance as a symbol of Vietnamese-Chinese culinary fusion. The combination of fresh herbs, crunchy vegetables, and savory beef creates a unique flavor profile that showcases the diversity of Vietnamese cuisine.","To make Bò bía, start by preparing the filling ingredients. This includes shredding dried beef into thin strips, slicing cucumbers and lettuce, pickling carrots and daikon, and chopping fresh herbs like mint and basil. Next, soften rice paper sheets in warm water and fill each sheet with a portion of the prepared ingredients. Add a sprinkle of toasted peanuts and a drizzle of sweet soy sauce for added flavor. Roll the sheets tightly but gently to form neat cylinders. Serve immediately with a side of sweet chili sauce for dipping.","Similar dishes to Bò bía include Gỏi cuốn (Vietnamese spring rolls), which also use rice paper rolls but are typically filled with shrimp, pork, and vegetables. Another similar dish is Popiah, a Chinese-influenced dish from Singapore and Malaysia that consists of a thin crepe filled with shredded vegetables and sometimes meat. In Vietnam, regional variants of Bò bía can be found, such as Bò bía Hà Nội, which adds a Hanoi-style twist to the traditional recipe.","- **Bánh Bèo Bà Đỏ** in Ho Chi Minh City, known for its traditional southern-style Bò bía filled with generous portions of dried beef and fresh herbs.
- **Xôi Yến** in Hanoi, famous for its creative take on Bò bía, incorporating Hanoi's local flavors and ingredients into the dish.
- **Bò Bía Cô Út** in Da Nang, a small food stall that has gained a reputation for serving some of the city's best Bò bía, with a secret recipe that attracts locals and tourists alike.
These restaurants and food stalls are renowned for their delicious Bò bía, offering a genuine taste of Vietnamese culinary culture to those who visit."
Bánh đậu xanh,"Bánh đậu xanh, which translates to ""mung bean cake,"" is a traditional Vietnamese dessert originating from the northern regions of Vietnam. The main ingredients include mung beans, sugar, and glutinous rice flour, which are combined to create a sweet, soft, and chewy texture. This dish holds significant cultural importance, often served during special occasions and holidays, such as the Lunar New Year (Tết). It symbolizes good fortune, prosperity, and the bond between family and friends. The traditional recipe has been passed down through generations, with each region adding its unique twist to the dish.","To make Bánh đậu xanh, you will need 1 cup of mung beans, 1 cup of granulated sugar, 1/2 cup of glutinous rice flour, and 1/4 teaspoon of salt. First, soak the mung beans in water overnight and then steam them until they are soft. Mash the cooked mung beans and mix with sugar, glutinous rice flour, and salt. Knead the mixture until it forms a smooth dough. Divide the dough into small portions and shape them into round or oval cakes. Steam the cakes for about 20-25 minutes, or until they are cooked through and have a soft, chewy texture.","Similar dishes to Bánh đậu xanh include Bánh khoai (sweet potato cake), Bánh bò (sponge cake), and Bánh da lợn (pig skin cake). These dishes share similarities in ingredients, such as the use of glutinous rice flour and mung beans, and preparation methods, like steaming. Regional variants of Bánh đậu xanh can be found in other Southeast Asian countries, such as China and Thailand, where mung bean-based desserts are also popular.","Here are three famous restaurants in Vietnam known for their Bánh đậu xanh: 
- Xôi Yến (47 Nguyễn Hữu Huân, Hàng Bạc, Hoàn Kiếm, Hà Nội): This restaurant in Hanoi is famous for its traditional Vietnamese desserts, including Bánh đậu xanh.
- Bánh Đậu Xanh Hải Thượng Lãn Ông (172 Nguyễn Đình Chiểu, District 3, Hồ Chí Minh City): This small food stall in Saigon is dedicated to serving a variety of mung bean-based desserts, including Bánh đậu xanh.
- Quán Ăn Ngon (18 Phan Bội Châu, Hoàn Kiếm, Hà Nội): This popular restaurant in Hanoi offers a wide range of traditional Vietnamese dishes, including Bánh đậu xanh, which is made fresh daily using traditional recipes and ingredients."
Bánh đa cua,"Bánh đa cua is a traditional Vietnamese noodle soup originating from the Northern region, specifically from the city of Hải Phòng. The main ingredients include bánh đa (rice noodles), cua (crab meat), huyết (congealed blood cubes), thịt heo (pork), and various vegetables such as bean sprouts, onions, and herbs. This dish holds cultural significance as it is often served at family gatherings and special occasions, symbolizing warmth, hospitality, and community bonding. The combination of flavors, textures, and temperatures creates a rich and satisfying culinary experience.","To cook Bánh đa cua, start by preparing the broth with pork bones, onions, and ginger. Then, add crab meat, congealed blood cubes, and various spices to create a flavorful and savory base. Cook the bánh đa noodles according to package instructions and set aside. In a separate pan, sauté sliced pork, onions, and garlic, and then add the cooked noodles, broth, and other ingredients. Combine everything in a large pot and bring to a simmer. Serve the noodle soup hot, garnished with fresh herbs, bean sprouts, and a squeeze of lime juice. Key ingredients include 1 package of bánh đa noodles, 1 cup of crab meat, 2 cups of pork broth, 1/2 cup of congealed blood cubes, 1/4 cup of sliced pork, and various spices and herbs.","Similar dishes to Bánh đa cua include Bún riêu cua (crab noodle soup), Bánh canh cua (crab tapioca noodle soup), and Phở (Vietnamese beef noodle soup). These dishes share similarities in ingredients, such as the use of crab meat, pork, and various spices, as well as preparation methods, including the creation of a flavorful broth and the combination of noodles, proteins, and vegetables.","- Bánh Đa Cua Bà Cụ (Hải Phòng): This small, family-owned restaurant has been serving Bánh đa cua for over 20 years and is known for its rich, flavorful broth and generous portions.
- Quán Ăn Ngon (Hanoi): Located in the heart of Hanoi, this restaurant offers a variety of traditional Vietnamese dishes, including Bánh đa cua, which is made with fresh, high-quality ingredients and a secret blend of spices.
- Cua Hang Bánh Đa (Ho Chi Minh City): This popular food stall in Ho Chi Minh City is famous for its Bánh đa cua, which is cooked to order and served with a side of fresh herbs and chili sauce."
Bún cá,"Bún cá is a traditional Vietnamese noodle soup originating from the northern region of Vietnam, specifically from the city of Hà Nội. The dish is made with a flavorful fish-based broth, rice noodles (bún), and various types of fish such as catfish, carp, or mackerel. Other main ingredients include dill, lettuce, and bean sprouts. Bún cá holds significant cultural value in Vietnamese cuisine, representing the country's rich culinary heritage and the importance of community and family gatherings. The dish is often served at special occasions and is a staple in many Vietnamese households.","To cook Bún cá, start by preparing the fish broth by simmering fish bones and heads in a large pot of water with onions, ginger, and garlic. Then, add sliced fish to the pot and cook until it's fully cooked. Next, cook the rice noodles according to the package instructions and set aside. In a separate pan, heat some oil and sauté the dill, lettuce, and bean sprouts. To assemble the dish, place the cooked noodles in a bowl, add the fish and vegetables, and pour the hot broth over the top. Garnish with fresh herbs, chili slices, and a squeeze of lime juice. Key ingredients include fish bones and heads, fish slices, rice noodles, dill, lettuce, bean sprouts, onions, ginger, garlic, and fish sauce.","Similar dishes to Bún cá include Bún riêu (a crab and tomato-based noodle soup), Bún thang (a cold noodle dish with chicken, eggs, and pork), and Phở (a popular Vietnamese beef noodle soup). Regional variants of Bún cá can be found in other parts of Vietnam, such as the central region's Bún cá Bình Định, which features a spicier and more flavorful broth.","Some famous restaurants in Vietnam that serve delicious Bún cá include:
* Bún Cá Hà Nội at 136 Nguyễn Trãi, Hà Nội: Known for its traditional and authentic Bún cá recipe, this restaurant has been a favorite among locals and tourists alike for decades.
* Bún Cá Sapa at 24 Xuân Diệu, Sapa, Lào Cai: This restaurant is famous for its fresh and flavorful fish broth, made with fish caught from the nearby streams and rivers.
* Bún Cá Đồng Hải at 171 Phan Đình Giót, Hà Nội: This casual eatery is a popular spot for Bún cá lovers, offering a wide variety of fish options and a spicy broth that is sure to tantalize your taste buds."
